# Broad personal-loan credit depth; not vehicle-finance penetration.
# Loan stocks are official RBI data; per-capita values use estimated population.
state_code,year,personal_loans_outstanding_crore,personal_loans_per_capita_inr,personal_loans_yoy_growth_pct,population_mn,source,quality,geography_note
ALL,2012,750151,6116.9,,1226.3587,RBI Table 159 personal loans; per-capita denominator from state_population_annual.csv,estimate,
ALL,2013,871291,7015.14,16.149,1242.0147,RBI Table 159 personal loans; per-capita denominator from state_population_annual.csv,estimate,
ALL,2014,1017100,8085.89,16.735,1257.8706,RBI Table 159 personal loans; per-capita denominator from state_population_annual.csv,estimate,
ALL,2015,1143986,8979.98,12.475,1273.9289,RBI Table 159 personal loans; per-capita denominator from state_population_annual.csv,estimate,
ALL,2016,1339138,10379.37,17.059,1290.1922,RBI Table 159 personal loans; per-capita denominator from state_population_annual.csv,estimate,
ALL,2017,1561924,11953.53,16.637,1306.6631,RBI Table 159 personal loans; per-capita denominator from state_population_annual.csv,estimate,
ALL,2018,1864885,14092.21,19.397,1323.3443,RBI Table 159 personal loans; per-capita denominator from state_population_annual.csv,estimate,
ALL,2019,2136648,15942.3,14.573,1340.2385,RBI Table 159 personal loans; per-capita denominator from state_population_annual.csv,estimate,
ALL,2020,2530090,18639.95,18.414,1357.3483,RBI Table 159 personal loans; per-capita denominator from state_population_annual.csv,estimate,
ALL,2021,2873641,20904.12,13.579,1374.6766,RBI Table 159 personal loans; per-capita denominator from state_population_annual.csv,estimate,
ALL,2022,3345818,24032.15,16.431,1392.2261,RBI Table 159 personal loans; per-capita denominator from state_population_annual.csv,estimate,
ALL,2023,4000056,28369.2,19.554,1409.9996,RBI Table 159 personal loans; per-capita denominator from state_population_annual.csv,estimate,
ALL,2024,5144286,36024.41,28.605,1428.0,RBI Table 159 personal loans; per-capita denominator from state_population_annual.csv,estimate,
ALL,2025,5822227,40257.95,13.179,1446.2302,RBI Table 159 personal loans; per-capita denominator from state_population_annual.csv,estimate,
AN,2012,362,9488.86,,0.3815,RBI Table 159 personal loans; per-capita denominator from state_population_annual.csv,estimate,
AN,2013,424,11070.5,17.127,0.383,RBI Table 159 personal loans; per-capita denominator from state_population_annual.csv,estimate,
AN,2014,489,12717.82,15.33,0.3845,RBI Table 159 personal loans; per-capita denominator from state_population_annual.csv,estimate,
AN,2015,583,15103.63,19.223,0.386,RBI Table 159 personal loans; per-capita denominator from state_population_annual.csv,estimate,
AN,2016,744,19195.05,27.616,0.3876,RBI Table 159 personal loans; per-capita denominator from state_population_annual.csv,estimate,
AN,2017,900,23130.3,20.968,0.3891,RBI Table 159 personal loans; per-capita denominator from state_population_annual.csv,estimate,
AN,2018,1095,28033.79,21.667,0.3906,RBI Table 159 personal loans; per-capita denominator from state_population_annual.csv,estimate,
AN,2019,1320,33656.3,20.548,0.3922,RBI Table 159 personal loans; per-capita denominator from state_population_annual.csv,estimate,
AN,2020,1519,38582.68,15.076,0.3937,RBI Table 159 personal loans; per-capita denominator from state_population_annual.csv,estimate,
AN,2021,1782,45079.69,17.314,0.3953,RBI Table 159 personal loans; per-capita denominator from state_population_annual.csv,estimate,
AN,2022,2078,52355.76,16.611,0.3969,RBI Table 159 personal loans; per-capita denominator from state_population_annual.csv,estimate,
AN,2023,2442,61295.18,17.517,0.3984,RBI Table 159 personal loans; per-capita denominator from state_population_annual.csv,estimate,
AN,2024,2691,67275.0,10.197,0.4,RBI Table 159 personal loans; per-capita denominator from state_population_annual.csv,estimate,
AN,2025,2975,74078.69,10.554,0.4016,RBI Table 159 personal loans; per-capita denominator from state_population_annual.csv,estimate,
AP,2012,77925,15684.63,,49.6824,RBI Table 159 personal loans; per-capita denominator from state_population_annual.csv,estimate,Source Andhra Pradesh includes Telangana through the March 2014 observation.
AP,2013,91663,18344.93,17.63,49.9664,RBI Table 159 personal loans; per-capita denominator from state_population_annual.csv,estimate,Source Andhra Pradesh includes Telangana through the March 2014 observation.
AP,2014,106345,21162.3,16.017,50.2521,RBI Table 159 personal loans; per-capita denominator from state_population_annual.csv,estimate,Source Andhra Pradesh includes Telangana through the March 2014 observation.
AP,2015,51643,10218.36,-51.438,50.5394,RBI Table 159 personal loans; per-capita denominator from state_population_annual.csv,estimate,
AP,2016,61794,12157.4,19.656,50.8283,RBI Table 159 personal loans; per-capita denominator from state_population_annual.csv,estimate,
AP,2017,72096,14103.59,16.672,51.1189,RBI Table 159 personal loans; per-capita denominator from state_population_annual.csv,estimate,
AP,2018,87760,17070.24,21.727,51.4111,RBI Table 159 personal loans; per-capita denominator from state_population_annual.csv,estimate,
AP,2019,105859,20473.65,20.623,51.705,RBI Table 159 personal loans; per-capita denominator from state_population_annual.csv,estimate,
AP,2020,124296,23902.8,17.417,52.0006,RBI Table 159 personal loans; per-capita denominator from state_population_annual.csv,estimate,
AP,2021,146843,28078.18,18.14,52.2979,RBI Table 159 personal loans; per-capita denominator from state_population_annual.csv,estimate,
AP,2022,173182,32926.28,17.937,52.5969,RBI Table 159 personal loans; per-capita denominator from state_population_annual.csv,estimate,
AP,2023,210339,39763.43,21.455,52.8976,RBI Table 159 personal loans; per-capita denominator from state_population_annual.csv,estimate,
AP,2024,252088,47384.96,19.848,53.2,RBI Table 159 personal loans; per-capita denominator from state_population_annual.csv,estimate,
AP,2025,290337,54264.44,15.173,53.5041,RBI Table 159 personal loans; per-capita denominator from state_population_annual.csv,estimate,
AR,2012,819,5867.6,,1.3958,RBI Table 159 personal loans; per-capita denominator from state_population_annual.csv,estimate,
AR,2013,880,6233.18,7.448,1.4118,RBI Table 159 personal loans; per-capita denominator from state_population_annual.csv,estimate,
AR,2014,991,6940.26,12.614,1.4279,RBI Table 159 personal loans; per-capita denominator from state_population_annual.csv,estimate,
AR,2015,1187,8218.51,19.778,1.4443,RBI Table 159 personal loans; per-capita denominator from state_population_annual.csv,estimate,
AR,2016,1428,9775.47,20.303,1.4608,RBI Table 159 personal loans; per-capita denominator from state_population_annual.csv,estimate,
AR,2017,1661,11241.96,16.317,1.4775,RBI Table 159 personal loans; per-capita denominator from state_population_annual.csv,estimate,
AR,2018,2334,15618.31,40.518,1.4944,RBI Table 159 personal loans; per-capita denominator from state_population_annual.csv,estimate,
AR,2019,2473,16361.23,5.955,1.5115,RBI Table 159 personal loans; per-capita denominator from state_population_annual.csv,estimate,
AR,2020,2900,18969.13,17.266,1.5288,RBI Table 159 personal loans; per-capita denominator from state_population_annual.csv,estimate,
AR,2021,3678,23785.81,26.828,1.5463,RBI Table 159 personal loans; per-capita denominator from state_population_annual.csv,estimate,
AR,2022,4366,27915.6,18.706,1.564,RBI Table 159 personal loans; per-capita denominator from state_population_annual.csv,estimate,
AR,2023,5286,33415.51,21.072,1.5819,RBI Table 159 personal loans; per-capita denominator from state_population_annual.csv,estimate,
AR,2024,6364,39775.0,20.393,1.6,RBI Table 159 personal loans; per-capita denominator from state_population_annual.csv,estimate,
AR,2025,7222,44627.08,13.482,1.6183,RBI Table 159 personal loans; per-capita denominator from state_population_annual.csv,estimate,
AS,2012,10441,3309.13,,31.5521,RBI Table 159 personal loans; per-capita denominator from state_population_annual.csv,estimate,
AS,2013,9715,3044.68,-6.953,31.9081,RBI Table 159 personal loans; per-capita denominator from state_population_annual.csv,estimate,
AS,2014,12772,3958.08,31.467,32.2682,RBI Table 159 personal loans; per-capita denominator from state_population_annual.csv,estimate,
AS,2015,13239,4057.02,3.656,32.6323,RBI Table 159 personal loans; per-capita denominator from state_population_annual.csv,estimate,
AS,2016,15589,4723.87,17.751,33.0005,RBI Table 159 personal loans; per-capita denominator from state_population_annual.csv,estimate,
AS,2017,18214,5457.72,16.839,33.3729,RBI Table 159 personal loans; per-capita denominator from state_population_annual.csv,estimate,
AS,2018,22852,6771.06,25.464,33.7495,RBI Table 159 personal loans; per-capita denominator from state_population_annual.csv,estimate,
AS,2019,27327,8006.65,19.583,34.1304,RBI Table 159 personal loans; per-capita denominator from state_population_annual.csv,estimate,
AS,2020,31826,9220.78,16.464,34.5155,RBI Table 159 personal loans; per-capita denominator from state_population_annual.csv,estimate,
AS,2021,37876,10851.17,19.01,34.905,RBI Table 159 personal loans; per-capita denominator from state_population_annual.csv,estimate,
AS,2022,44357,12566.11,17.111,35.2989,RBI Table 159 personal loans; per-capita denominator from state_population_annual.csv,estimate,
AS,2023,53654,15030.31,20.959,35.6972,RBI Table 159 personal loans; per-capita denominator from state_population_annual.csv,estimate,
AS,2024,65507,18145.98,22.092,36.1,RBI Table 159 personal loans; per-capita denominator from state_population_annual.csv,estimate,
AS,2025,74641,20445.44,13.944,36.5074,RBI Table 159 personal loans; per-capita denominator from state_population_annual.csv,estimate,
BR,2012,13456,1272.91,,105.7108,RBI Table 159 personal loans; per-capita denominator from state_population_annual.csv,estimate,
BR,2013,15640,1456.96,16.231,107.3466,RBI Table 159 personal loans; per-capita denominator from state_population_annual.csv,estimate,
BR,2014,17497,1605.12,11.873,109.0077,RBI Table 159 personal loans; per-capita denominator from state_population_annual.csv,estimate,
BR,2015,18520,1673.07,5.847,110.6945,RBI Table 159 personal loans; per-capita denominator from state_population_annual.csv,estimate,
BR,2016,22212,1976.03,19.935,112.4074,RBI Table 159 personal loans; per-capita denominator from state_population_annual.csv,estimate,
BR,2017,26297,2303.79,18.391,114.1468,RBI Table 159 personal loans; per-capita denominator from state_population_annual.csv,estimate,
BR,2018,31346,2704.27,19.2,115.9131,RBI Table 159 personal loans; per-capita denominator from state_population_annual.csv,estimate,
BR,2019,37853,3215.87,20.759,117.7068,RBI Table 159 personal loans; per-capita denominator from state_population_annual.csv,estimate,
BR,2020,44537,3726.07,17.658,119.5282,RBI Table 159 personal loans; per-capita denominator from state_population_annual.csv,estimate,
BR,2021,53366,4396.69,19.824,121.3777,RBI Table 159 personal loans; per-capita denominator from state_population_annual.csv,estimate,
BR,2022,65323,5299.79,22.406,123.2559,RBI Table 159 personal loans; per-capita denominator from state_population_annual.csv,estimate,
BR,2023,82228,6569.66,25.879,125.1632,RBI Table 159 personal loans; per-capita denominator from state_population_annual.csv,estimate,
BR,2024,100511,7908.03,22.235,127.1,RBI Table 159 personal loans; per-capita denominator from state_population_annual.csv,estimate,
BR,2025,116048,8991.31,15.458,129.0668,RBI Table 159 personal loans; per-capita denominator from state_population_annual.csv,estimate,
CG,2012,7296,2824.19,,25.834,RBI Table 159 personal loans; per-capita denominator from state_population_annual.csv,estimate,
CG,2013,10064,3845.27,37.939,26.1724,RBI Table 159 personal loans; per-capita denominator from state_population_annual.csv,estimate,
CG,2014,10963,4134.63,8.933,26.5151,RBI Table 159 personal loans; per-capita denominator from state_population_annual.csv,estimate,
CG,2015,12597,4689.45,14.905,26.8624,RBI Table 159 personal loans; per-capita denominator from state_population_annual.csv,estimate,
CG,2016,15717,5775.27,24.768,27.2143,RBI Table 159 personal loans; per-capita denominator from state_population_annual.csv,estimate,
CG,2017,18478,6702.04,17.567,27.5707,RBI Table 159 personal loans; per-capita denominator from state_population_annual.csv,estimate,
CG,2018,22567,8079.32,22.129,27.9318,RBI Table 159 personal loans; per-capita denominator from state_population_annual.csv,estimate,
CG,2019,26673,9425.85,18.195,28.2977,RBI Table 159 personal loans; per-capita denominator from state_population_annual.csv,estimate,
CG,2020,32621,11378.77,22.3,28.6683,RBI Table 159 personal loans; per-capita denominator from state_population_annual.csv,estimate,
CG,2021,38233,13163.91,17.204,29.0438,RBI Table 159 personal loans; per-capita denominator from state_population_annual.csv,estimate,
CG,2022,44388,15085.54,16.099,29.4242,RBI Table 159 personal loans; per-capita denominator from state_population_annual.csv,estimate,
CG,2023,51955,17428.95,17.047,29.8096,RBI Table 159 personal loans; per-capita denominator from state_population_annual.csv,estimate,
CG,2024,64383,21318.87,23.921,30.2,RBI Table 159 personal loans; per-capita denominator from state_population_annual.csv,estimate,
CG,2025,72740,23774.74,12.98,30.5955,RBI Table 159 personal loans; per-capita denominator from state_population_annual.csv,estimate,
CH,2012,5835,54420.82,,1.0722,RBI Table 159 personal loans; per-capita denominator from state_population_annual.csv,estimate,
CH,2013,6023,55537.11,3.222,1.0845,RBI Table 159 personal loans; per-capita denominator from state_population_annual.csv,estimate,
CH,2014,6280,57247.04,4.267,1.097,RBI Table 159 personal loans; per-capita denominator from state_population_annual.csv,estimate,
CH,2015,7606,68547.22,21.115,1.1096,RBI Table 159 personal loans; per-capita denominator from state_population_annual.csv,estimate,
CH,2016,8094,72113.33,6.416,1.1224,RBI Table 159 personal loans; per-capita denominator from state_population_annual.csv,estimate,
CH,2017,9084,80014.09,12.231,1.1353,RBI Table 159 personal loans; per-capita denominator from state_population_annual.csv,estimate,
CH,2018,10277,89489.72,13.133,1.1484,RBI Table 159 personal loans; per-capita denominator from state_population_annual.csv,estimate,
CH,2019,11386,98019.97,10.791,1.1616,RBI Table 159 personal loans; per-capita denominator from state_population_annual.csv,estimate,
CH,2020,13326,113412.77,17.038,1.175,RBI Table 159 personal loans; per-capita denominator from state_population_annual.csv,estimate,
CH,2021,14834,124812.79,11.316,1.1885,RBI Table 159 personal loans; per-capita denominator from state_population_annual.csv,estimate,
CH,2022,17210,143154.22,16.017,1.2022,RBI Table 159 personal loans; per-capita denominator from state_population_annual.csv,estimate,
CH,2023,19101,157080.59,10.988,1.216,RBI Table 159 personal loans; per-capita denominator from state_population_annual.csv,estimate,
CH,2024,21917,178186.99,14.743,1.23,RBI Table 159 personal loans; per-capita denominator from state_population_annual.csv,estimate,
CH,2025,24561,197403.95,12.064,1.2442,RBI Table 159 personal loans; per-capita denominator from state_population_annual.csv,estimate,
DL,2012,58029,33953.16,,17.0909,RBI Table 159 personal loans; per-capita denominator from state_population_annual.csv,estimate,
DL,2013,57950,33329.88,-0.136,17.3868,RBI Table 159 personal loans; per-capita denominator from state_population_annual.csv,estimate,
DL,2014,73139,41349.97,26.211,17.6878,RBI Table 159 personal loans; per-capita denominator from state_population_annual.csv,estimate,
DL,2015,71735,39866.07,-1.92,17.994,RBI Table 159 personal loans; per-capita denominator from state_population_annual.csv,estimate,
DL,2016,78604,42940.1,9.576,18.3055,RBI Table 159 personal loans; per-capita denominator from state_population_annual.csv,estimate,
DL,2017,84590,45423.55,7.615,18.6225,RBI Table 159 personal loans; per-capita denominator from state_population_annual.csv,estimate,
DL,2018,99334,52433.11,17.43,18.9449,RBI Table 159 personal loans; per-capita denominator from state_population_annual.csv,estimate,
DL,2019,100540,52166.51,1.214,19.2729,RBI Table 159 personal loans; per-capita denominator from state_population_annual.csv,estimate,
DL,2020,116885,59615.43,16.257,19.6065,RBI Table 159 personal loans; per-capita denominator from state_population_annual.csv,estimate,
DL,2021,123903,62119.22,6.004,19.946,RBI Table 159 personal loans; per-capita denominator from state_population_annual.csv,estimate,
DL,2022,138550,68280.49,11.821,20.2913,RBI Table 159 personal loans; per-capita denominator from state_population_annual.csv,estimate,
DL,2023,162936,78931.92,17.601,20.6426,RBI Table 159 personal loans; per-capita denominator from state_population_annual.csv,estimate,
DL,2024,188839,89923.33,15.898,21.0,RBI Table 159 personal loans; per-capita denominator from state_population_annual.csv,estimate,
DL,2025,211649,99069.91,12.079,21.3636,RBI Table 159 personal loans; per-capita denominator from state_population_annual.csv,estimate,
DN,2012,264,4296.88,,0.6144,RBI Table 159 personal loans; per-capita denominator from state_population_annual.csv,estimate,Dadra & Nagar Haveli and Daman & Diu source rows aggregated to the merged UT.
DN,2013,297,4641.35,12.5,0.6399,RBI Table 159 personal loans; per-capita denominator from state_population_annual.csv,estimate,Dadra & Nagar Haveli and Daman & Diu source rows aggregated to the merged UT.
DN,2014,434,6512.61,46.128,0.6664,RBI Table 159 personal loans; per-capita denominator from state_population_annual.csv,estimate,Dadra & Nagar Haveli and Daman & Diu source rows aggregated to the merged UT.
DN,2015,539,7766.57,24.194,0.694,RBI Table 159 personal loans; per-capita denominator from state_population_annual.csv,estimate,Dadra & Nagar Haveli and Daman & Diu source rows aggregated to the merged UT.
DN,2016,708,9796.6,31.354,0.7227,RBI Table 159 personal loans; per-capita denominator from state_population_annual.csv,estimate,Dadra & Nagar Haveli and Daman & Diu source rows aggregated to the merged UT.
DN,2017,889,11810.81,25.565,0.7527,RBI Table 159 personal loans; per-capita denominator from state_population_annual.csv,estimate,Dadra & Nagar Haveli and Daman & Diu source rows aggregated to the merged UT.
DN,2018,1329,16953.69,49.494,0.7839,RBI Table 159 personal loans; per-capita denominator from state_population_annual.csv,estimate,Dadra & Nagar Haveli and Daman & Diu source rows aggregated to the merged UT.
DN,2019,1599,19588.39,20.316,0.8163,RBI Table 159 personal loans; per-capita denominator from state_population_annual.csv,estimate,Dadra & Nagar Haveli and Daman & Diu source rows aggregated to the merged UT.
DN,2020,1948,22914.95,21.826,0.8501,RBI Table 159 personal loans; per-capita denominator from state_population_annual.csv,estimate,Dadra & Nagar Haveli and Daman & Diu source rows aggregated to the merged UT.
DN,2021,2108,23808.45,8.214,0.8854,RBI Table 159 personal loans; per-capita denominator from state_population_annual.csv,estimate,Dadra & Nagar Haveli and Daman & Diu source rows aggregated to the merged UT.
DN,2022,2354,25531.45,11.67,0.922,RBI Table 159 personal loans; per-capita denominator from state_population_annual.csv,estimate,Dadra & Nagar Haveli and Daman & Diu source rows aggregated to the merged UT.
DN,2023,2685,27962.92,14.061,0.9602,RBI Table 159 personal loans; per-capita denominator from state_population_annual.csv,estimate,Dadra & Nagar Haveli and Daman & Diu source rows aggregated to the merged UT.
DN,2024,3713,37130.0,38.287,1.0,RBI Table 159 personal loans; per-capita denominator from state_population_annual.csv,estimate,Dadra & Nagar Haveli and Daman & Diu source rows aggregated to the merged UT.
DN,2025,3911,37555.21,5.333,1.0414,RBI Table 159 personal loans; per-capita denominator from state_population_annual.csv,estimate,Dadra & Nagar Haveli and Daman & Diu source rows aggregated to the merged UT.
GA,2012,3549,24137.93,,1.4703,RBI Table 159 personal loans; per-capita denominator from state_population_annual.csv,estimate,
GA,2013,4176,28202.88,17.667,1.4807,RBI Table 159 personal loans; per-capita denominator from state_population_annual.csv,estimate,
GA,2014,4792,32135.19,14.751,1.4912,RBI Table 159 personal loans; per-capita denominator from state_population_annual.csv,estimate,
GA,2015,5672,37770.53,18.364,1.5017,RBI Table 159 personal loans; per-capita denominator from state_population_annual.csv,estimate,
GA,2016,6372,42134.5,12.341,1.5123,RBI Table 159 personal loans; per-capita denominator from state_population_annual.csv,estimate,
GA,2017,7224,47432.7,13.371,1.523,RBI Table 159 personal loans; per-capita denominator from state_population_annual.csv,estimate,
GA,2018,8596,56043.81,18.992,1.5338,RBI Table 159 personal loans; per-capita denominator from state_population_annual.csv,estimate,
GA,2019,9443,61135.57,9.853,1.5446,RBI Table 159 personal loans; per-capita denominator from state_population_annual.csv,estimate,
GA,2020,10590,68081.0,12.147,1.5555,RBI Table 159 personal loans; per-capita denominator from state_population_annual.csv,estimate,
GA,2021,11450,73092.88,8.121,1.5665,RBI Table 159 personal loans; per-capita denominator from state_population_annual.csv,estimate,
GA,2022,12589,79798.43,9.948,1.5776,RBI Table 159 personal loans; per-capita denominator from state_population_annual.csv,estimate,
GA,2023,14493,91219.79,15.124,1.5888,RBI Table 159 personal loans; per-capita denominator from state_population_annual.csv,estimate,
GA,2024,17272,107950.0,19.175,1.6,RBI Table 159 personal loans; per-capita denominator from state_population_annual.csv,estimate,
GA,2025,19467,120815.49,12.708,1.6113,RBI Table 159 personal loans; per-capita denominator from state_population_annual.csv,estimate,
GJ,2012,33939,5543.61,,61.2218,RBI Table 159 personal loans; per-capita denominator from state_population_annual.csv,estimate,
GJ,2013,43287,6975.62,27.544,62.0547,RBI Table 159 personal loans; per-capita denominator from state_population_annual.csv,estimate,
GJ,2014,52763,8388.53,21.891,62.899,RBI Table 159 personal loans; per-capita denominator from state_population_annual.csv,estimate,
GJ,2015,62512,9805.08,18.477,63.7547,RBI Table 159 personal loans; per-capita denominator from state_population_annual.csv,estimate,
GJ,2016,79709,12334.63,27.51,64.6221,RBI Table 159 personal loans; per-capita denominator from state_population_annual.csv,estimate,
GJ,2017,94398,14411.6,18.428,65.5014,RBI Table 159 personal loans; per-capita denominator from state_population_annual.csv,estimate,
GJ,2018,119863,18053.7,26.976,66.3925,RBI Table 159 personal loans; per-capita denominator from state_population_annual.csv,estimate,
GJ,2019,141871,21081.7,18.361,67.2958,RBI Table 159 personal loans; per-capita denominator from state_population_annual.csv,estimate,
GJ,2020,170900,25054.46,20.462,68.2114,RBI Table 159 personal loans; per-capita denominator from state_population_annual.csv,estimate,
GJ,2021,195114,28220.38,14.169,69.1394,RBI Table 159 personal loans; per-capita denominator from state_population_annual.csv,estimate,
GJ,2022,244204,34846.41,25.16,70.0801,RBI Table 159 personal loans; per-capita denominator from state_population_annual.csv,estimate,
GJ,2023,275083,38725.76,12.645,71.0336,RBI Table 159 personal loans; per-capita denominator from state_population_annual.csv,estimate,
GJ,2024,362397,50332.92,31.741,72.0,RBI Table 159 personal loans; per-capita denominator from state_population_annual.csv,estimate,
GJ,2025,398553,54611.56,9.977,72.9796,RBI Table 159 personal loans; per-capita denominator from state_population_annual.csv,estimate,
HP,2012,4146,5970.28,,6.9444,RBI Table 159 personal loans; per-capita denominator from state_population_annual.csv,estimate,
HP,2013,4382,6269.76,5.692,6.9891,RBI Table 159 personal loans; per-capita denominator from state_population_annual.csv,estimate,
HP,2014,5659,8045.09,29.142,7.0341,RBI Table 159 personal loans; per-capita denominator from state_population_annual.csv,estimate,
HP,2015,5961,8420.32,5.337,7.0793,RBI Table 159 personal loans; per-capita denominator from state_population_annual.csv,estimate,
HP,2016,6445,9045.74,8.119,7.1249,RBI Table 159 personal loans; per-capita denominator from state_population_annual.csv,estimate,
HP,2017,7889,11001.72,22.405,7.1707,RBI Table 159 personal loans; per-capita denominator from state_population_annual.csv,estimate,
HP,2018,9502,13166.32,20.446,7.2169,RBI Table 159 personal loans; per-capita denominator from state_population_annual.csv,estimate,
HP,2019,11112,15298.83,16.944,7.2633,RBI Table 159 personal loans; per-capita denominator from state_population_annual.csv,estimate,
HP,2020,12446,17025.99,12.005,7.31,RBI Table 159 personal loans; per-capita denominator from state_population_annual.csv,estimate,
HP,2021,14569,19802.64,17.058,7.3571,RBI Table 159 personal loans; per-capita denominator from state_population_annual.csv,estimate,
HP,2022,17174,23194.32,17.88,7.4044,RBI Table 159 personal loans; per-capita denominator from state_population_annual.csv,estimate,
HP,2023,20603,27647.61,19.966,7.452,RBI Table 159 personal loans; per-capita denominator from state_population_annual.csv,estimate,
HP,2024,24089,32118.67,16.92,7.5,RBI Table 159 personal loans; per-capita denominator from state_population_annual.csv,estimate,
HP,2025,27637,36613.54,14.729,7.5483,RBI Table 159 personal loans; per-capita denominator from state_population_annual.csv,estimate,
HR,2012,19507,7578.33,,25.7405,RBI Table 159 personal loans; per-capita denominator from state_population_annual.csv,estimate,
HR,2013,23132,8867.76,18.583,26.0855,RBI Table 159 personal loans; per-capita denominator from state_population_annual.csv,estimate,
HR,2014,31847,12047.24,37.675,26.4351,RBI Table 159 personal loans; per-capita denominator from state_population_annual.csv,estimate,
HR,2015,37572,14024.9,17.977,26.7895,RBI Table 159 personal loans; per-capita denominator from state_population_annual.csv,estimate,
HR,2016,42038,15484.47,11.887,27.1485,RBI Table 159 personal loans; per-capita denominator from state_population_annual.csv,estimate,
HR,2017,49651,18046.77,18.11,27.5124,RBI Table 159 personal loans; per-capita denominator from state_population_annual.csv,estimate,
HR,2018,61872,22191.3,24.614,27.8812,RBI Table 159 personal loans; per-capita denominator from state_population_annual.csv,estimate,
HR,2019,70184,24839.59,13.434,28.2549,RBI Table 159 personal loans; per-capita denominator from state_population_annual.csv,estimate,
HR,2020,83109,29024.89,18.416,28.6337,RBI Table 159 personal loans; per-capita denominator from state_population_annual.csv,estimate,
HR,2021,94627,32610.32,13.859,29.0175,RBI Table 159 personal loans; per-capita denominator from state_population_annual.csv,estimate,
HR,2022,111133,37792.11,17.443,29.4064,RBI Table 159 personal loans; per-capita denominator from state_population_annual.csv,estimate,
HR,2023,136227,45712.84,22.58,29.8006,RBI Table 159 personal loans; per-capita denominator from state_population_annual.csv,estimate,
HR,2024,192008,63578.81,40.947,30.2,RBI Table 159 personal loans; per-capita denominator from state_population_annual.csv,estimate,
HR,2025,219486,71716.2,14.311,30.6048,RBI Table 159 personal loans; per-capita denominator from state_population_annual.csv,estimate,
JH,2012,8939,2668.49,,33.4984,RBI Table 159 personal loans; per-capita denominator from state_population_annual.csv,estimate,
JH,2013,10185,2995.21,13.939,34.0043,RBI Table 159 personal loans; per-capita denominator from state_population_annual.csv,estimate,
JH,2014,11379,3296.55,11.723,34.5179,RBI Table 159 personal loans; per-capita denominator from state_population_annual.csv,estimate,
JH,2015,13086,3734.67,15.001,35.0392,RBI Table 159 personal loans; per-capita denominator from state_population_annual.csv,estimate,
JH,2016,15907,4472.23,21.557,35.5684,RBI Table 159 personal loans; per-capita denominator from state_population_annual.csv,estimate,
JH,2017,17929,4965.71,12.711,36.1056,RBI Table 159 personal loans; per-capita denominator from state_population_annual.csv,estimate,
JH,2018,20392,5563.85,13.738,36.6509,RBI Table 159 personal loans; per-capita denominator from state_population_annual.csv,estimate,
JH,2019,23594,6341.72,15.702,37.2044,RBI Table 159 personal loans; per-capita denominator from state_population_annual.csv,estimate,
JH,2020,27517,7286.13,16.627,37.7663,RBI Table 159 personal loans; per-capita denominator from state_population_annual.csv,estimate,
JH,2021,32569,8495.51,18.36,38.3367,RBI Table 159 personal loans; per-capita denominator from state_population_annual.csv,estimate,
JH,2022,38935,10004.96,19.546,38.9157,RBI Table 159 personal loans; per-capita denominator from state_population_annual.csv,estimate,
JH,2023,46632,11804.55,19.769,39.5034,RBI Table 159 personal loans; per-capita denominator from state_population_annual.csv,estimate,
JH,2024,54802,13666.33,17.52,40.1,RBI Table 159 personal loans; per-capita denominator from state_population_annual.csv,estimate,
JH,2025,60616,14891.32,10.609,40.7056,RBI Table 159 personal loans; per-capita denominator from state_population_annual.csv,estimate,
JK,2012,5656,4562.98,,12.3954,RBI Table 159 personal loans; per-capita denominator from state_population_annual.csv,estimate,Source Jammu & Kashmir includes the territory later separated as Ladakh.
JK,2013,7185,5751.87,27.033,12.4916,RBI Table 159 personal loans; per-capita denominator from state_population_annual.csv,estimate,Source Jammu & Kashmir includes the territory later separated as Ladakh.
JK,2014,8673,6889.62,20.71,12.5885,RBI Table 159 personal loans; per-capita denominator from state_population_annual.csv,estimate,Source Jammu & Kashmir includes the territory later separated as Ladakh.
JK,2015,10568,8330.31,21.849,12.6862,RBI Table 159 personal loans; per-capita denominator from state_population_annual.csv,estimate,Source Jammu & Kashmir includes the territory later separated as Ladakh.
JK,2016,13387,10471.19,26.675,12.7846,RBI Table 159 personal loans; per-capita denominator from state_population_annual.csv,estimate,Source Jammu & Kashmir includes the territory later separated as Ladakh.
JK,2017,14752,11450.04,10.196,12.8838,RBI Table 159 personal loans; per-capita denominator from state_population_annual.csv,estimate,Source Jammu & Kashmir includes the territory later separated as Ladakh.
JK,2018,19046,14669.05,29.108,12.9838,RBI Table 159 personal loans; per-capita denominator from state_population_annual.csv,estimate,Source Jammu & Kashmir includes the territory later separated as Ladakh.
JK,2019,24751,18916.27,29.954,13.0845,RBI Table 159 personal loans; per-capita denominator from state_population_annual.csv,estimate,Source Jammu & Kashmir includes the territory later separated as Ladakh.
JK,2020,28313,21472.02,14.391,13.186,RBI Table 159 personal loans; per-capita denominator from state_population_annual.csv,estimate,
JK,2021,34569,26014.61,22.096,13.2883,RBI Table 159 personal loans; per-capita denominator from state_population_annual.csv,estimate,
JK,2022,40853,30506.89,18.178,13.3914,RBI Table 159 personal loans; per-capita denominator from state_population_annual.csv,estimate,
JK,2023,48452,35902.87,18.601,13.4953,RBI Table 159 personal loans; per-capita denominator from state_population_annual.csv,estimate,
JK,2024,56436,41497.06,16.478,13.6,RBI Table 159 personal loans; per-capita denominator from state_population_annual.csv,estimate,
JK,2025,60217,43936.38,6.7,13.7055,RBI Table 159 personal loans; per-capita denominator from state_population_annual.csv,estimate,
KA,2012,71778,11650.02,,61.6119,RBI Table 159 personal loans; per-capita denominator from state_population_annual.csv,estimate,
KA,2013,86422,13910.29,20.402,62.1281,RBI Table 159 personal loans; per-capita denominator from state_population_annual.csv,estimate,
KA,2014,99344,15857.31,14.952,62.6487,RBI Table 159 personal loans; per-capita denominator from state_population_annual.csv,estimate,
KA,2015,120910,19139.32,21.708,63.1736,RBI Table 159 personal loans; per-capita denominator from state_population_annual.csv,estimate,
KA,2016,142670,22396.15,17.997,63.7029,RBI Table 159 personal loans; per-capita denominator from state_population_annual.csv,estimate,
KA,2017,166395,25903.46,16.629,64.2366,RBI Table 159 personal loans; per-capita denominator from state_population_annual.csv,estimate,
KA,2018,194521,30030.35,16.903,64.7748,RBI Table 159 personal loans; per-capita denominator from state_population_annual.csv,estimate,
KA,2019,215308,32963.29,10.686,65.3175,RBI Table 159 personal loans; per-capita denominator from state_population_annual.csv,estimate,
KA,2020,248512,37730.68,15.422,65.8647,RBI Table 159 personal loans; per-capita denominator from state_population_annual.csv,estimate,
KA,2021,273734,41214.7,10.149,66.4166,RBI Table 159 personal loans; per-capita denominator from state_population_annual.csv,estimate,
KA,2022,308639,46084.09,12.751,66.973,RBI Table 159 personal loans; per-capita denominator from state_population_annual.csv,estimate,
KA,2023,364206,53929.12,18.004,67.5342,RBI Table 159 personal loans; per-capita denominator from state_population_annual.csv,estimate,
KA,2024,478712,70295.45,31.44,68.1,RBI Table 159 personal loans; per-capita denominator from state_population_annual.csv,estimate,
KA,2025,533675,77715.21,11.481,68.6706,RBI Table 159 personal loans; per-capita denominator from state_population_annual.csv,estimate,
KL,2012,50287,14975.82,,33.5788,RBI Table 159 personal loans; per-capita denominator from state_population_annual.csv,estimate,
KL,2013,61379,18181.79,22.057,33.7585,RBI Table 159 personal loans; per-capita denominator from state_population_annual.csv,estimate,
KL,2014,66256,19521.97,7.946,33.9392,RBI Table 159 personal loans; per-capita denominator from state_population_annual.csv,estimate,
KL,2015,67691,19838.63,2.166,34.1208,RBI Table 159 personal loans; per-capita denominator from state_population_annual.csv,estimate,
KL,2016,77643,22634.2,14.702,34.3034,RBI Table 159 personal loans; per-capita denominator from state_population_annual.csv,estimate,
KL,2017,91075,26408.5,17.3,34.487,RBI Table 159 personal loans; per-capita denominator from state_population_annual.csv,estimate,
KL,2018,102570,29583.29,12.621,34.6716,RBI Table 159 personal loans; per-capita denominator from state_population_annual.csv,estimate,
KL,2019,117539,33720.15,14.594,34.8572,RBI Table 159 personal loans; per-capita denominator from state_population_annual.csv,estimate,
KL,2020,132779,37889.55,12.966,35.0437,RBI Table 159 personal loans; per-capita denominator from state_population_annual.csv,estimate,
KL,2021,148016,42012.64,11.475,35.2313,RBI Table 159 personal loans; per-capita denominator from state_population_annual.csv,estimate,
KL,2022,160399,45285.12,8.366,35.4198,RBI Table 159 personal loans; per-capita denominator from state_population_annual.csv,estimate,
KL,2023,184201,51728.2,14.839,35.6094,RBI Table 159 personal loans; per-capita denominator from state_population_annual.csv,estimate,
KL,2024,224306,62655.31,21.772,35.8,RBI Table 159 personal loans; per-capita denominator from state_population_annual.csv,estimate,
KL,2025,247348,68723.81,10.273,35.9916,RBI Table 159 personal loans; per-capita denominator from state_population_annual.csv,estimate,
LA,2020,1054,36294.77,,0.2904,RBI Table 159 personal loans; per-capita denominator from state_population_annual.csv,estimate,
LA,2021,1342,45833.33,27.324,0.2928,RBI Table 159 personal loans; per-capita denominator from state_population_annual.csv,estimate,
LA,2022,1813,61415.99,35.097,0.2952,RBI Table 159 personal loans; per-capita denominator from state_population_annual.csv,estimate,
LA,2023,2323,78057.8,28.13,0.2976,RBI Table 159 personal loans; per-capita denominator from state_population_annual.csv,estimate,
LA,2024,2726,90866.67,17.348,0.3,RBI Table 159 personal loans; per-capita denominator from state_population_annual.csv,estimate,
LA,2025,2965,98048.94,8.767,0.3024,RBI Table 159 personal loans; per-capita denominator from state_population_annual.csv,estimate,
LD,2012,32,5271.83,,0.0607,RBI Table 159 personal loans; per-capita denominator from state_population_annual.csv,estimate,
LD,2013,41,6677.52,28.125,0.0614,RBI Table 159 personal loans; per-capita denominator from state_population_annual.csv,estimate,
LD,2014,35,5627.01,-14.634,0.0622,RBI Table 159 personal loans; per-capita denominator from state_population_annual.csv,estimate,
LD,2015,40,6359.3,14.286,0.0629,RBI Table 159 personal loans; per-capita denominator from state_population_annual.csv,estimate,
LD,2016,43,6750.39,7.5,0.0637,RBI Table 159 personal loans; per-capita denominator from state_population_annual.csv,estimate,
LD,2017,46,7142.86,6.977,0.0644,RBI Table 159 personal loans; per-capita denominator from state_population_annual.csv,estimate,
LD,2018,41,6288.34,-10.87,0.0652,RBI Table 159 personal loans; per-capita denominator from state_population_annual.csv,estimate,
LD,2019,53,8030.3,29.268,0.066,RBI Table 159 personal loans; per-capita denominator from state_population_annual.csv,estimate,
LD,2020,60,8982.04,13.208,0.0668,RBI Table 159 personal loans; per-capita denominator from state_population_annual.csv,estimate,
LD,2021,62,9171.6,3.333,0.0676,RBI Table 159 personal loans; per-capita denominator from state_population_annual.csv,estimate,
LD,2022,77,11257.31,24.194,0.0684,RBI Table 159 personal loans; per-capita denominator from state_population_annual.csv,estimate,
LD,2023,93,13439.31,20.779,0.0692,RBI Table 159 personal loans; per-capita denominator from state_population_annual.csv,estimate,
LD,2024,107,15285.71,15.054,0.07,RBI Table 159 personal loans; per-capita denominator from state_population_annual.csv,estimate,
LD,2025,122,17231.64,14.019,0.0708,RBI Table 159 personal loans; per-capita denominator from state_population_annual.csv,estimate,
MH,2012,135827,11975.63,,113.4195,RBI Table 159 personal loans; per-capita denominator from state_population_annual.csv,estimate,
MH,2013,148620,12985.78,9.419,114.4483,RBI Table 159 personal loans; per-capita denominator from state_population_annual.csv,estimate,
MH,2014,181292,15698.11,21.984,115.4865,RBI Table 159 personal loans; per-capita denominator from state_population_annual.csv,estimate,
MH,2015,201332,17276.67,11.054,116.534,RBI Table 159 personal loans; per-capita denominator from state_population_annual.csv,estimate,
MH,2016,241614,20546.96,20.008,117.5911,RBI Table 159 personal loans; per-capita denominator from state_population_annual.csv,estimate,
MH,2017,295236,24881.32,22.193,118.6577,RBI Table 159 personal loans; per-capita denominator from state_population_annual.csv,estimate,
MH,2018,338207,28246.53,14.555,119.734,RBI Table 159 personal loans; per-capita denominator from state_population_annual.csv,estimate,
MH,2019,385523,31908.85,13.99,120.8201,RBI Table 159 personal loans; per-capita denominator from state_population_annual.csv,estimate,
MH,2020,470361,38580.74,22.006,121.916,RBI Table 159 personal loans; per-capita denominator from state_population_annual.csv,estimate,
MH,2021,525366,42705.08,11.694,123.0219,RBI Table 159 personal loans; per-capita denominator from state_population_annual.csv,estimate,
MH,2022,614166,49474.54,16.903,124.1378,RBI Table 159 personal loans; per-capita denominator from state_population_annual.csv,estimate,
MH,2023,755848,60340.5,23.069,125.2638,RBI Table 159 personal loans; per-capita denominator from state_population_annual.csv,estimate,
MH,2024,1018853,80605.46,34.796,126.4,RBI Table 159 personal loans; per-capita denominator from state_population_annual.csv,estimate,
MH,2025,1160992,91025.0,13.951,127.5465,RBI Table 159 personal loans; per-capita denominator from state_population_annual.csv,estimate,
ML,2012,1087,3588.64,,3.029,RBI Table 159 personal loans; per-capita denominator from state_population_annual.csv,estimate,
ML,2013,1170,3825.65,7.636,3.0583,RBI Table 159 personal loans; per-capita denominator from state_population_annual.csv,estimate,
ML,2014,1333,4316.85,13.932,3.0879,RBI Table 159 personal loans; per-capita denominator from state_population_annual.csv,estimate,
ML,2015,1830,5869.52,37.284,3.1178,RBI Table 159 personal loans; per-capita denominator from state_population_annual.csv,estimate,
ML,2016,1982,6296.06,8.306,3.148,RBI Table 159 personal loans; per-capita denominator from state_population_annual.csv,estimate,
ML,2017,2474,7783.79,24.823,3.1784,RBI Table 159 personal loans; per-capita denominator from state_population_annual.csv,estimate,
ML,2018,3098,9653.5,25.222,3.2092,RBI Table 159 personal loans; per-capita denominator from state_population_annual.csv,estimate,
ML,2019,3552,10962.29,14.655,3.2402,RBI Table 159 personal loans; per-capita denominator from state_population_annual.csv,estimate,
ML,2020,4318,13198.84,21.565,3.2715,RBI Table 159 personal loans; per-capita denominator from state_population_annual.csv,estimate,
ML,2021,5056,15306.37,17.091,3.3032,RBI Table 159 personal loans; per-capita denominator from state_population_annual.csv,estimate,
ML,2022,5760,17270.33,13.924,3.3352,RBI Table 159 personal loans; per-capita denominator from state_population_annual.csv,estimate,
ML,2023,6693,19875.87,16.198,3.3674,RBI Table 159 personal loans; per-capita denominator from state_population_annual.csv,estimate,
ML,2024,7975,23455.88,19.154,3.4,RBI Table 159 personal loans; per-capita denominator from state_population_annual.csv,estimate,
ML,2025,8728,25424.57,9.442,3.4329,RBI Table 159 personal loans; per-capita denominator from state_population_annual.csv,estimate,
MN,2012,695,2403.43,,2.8917,RBI Table 159 personal loans; per-capita denominator from state_population_annual.csv,estimate,
MN,2013,806,2756.78,15.971,2.9237,RBI Table 159 personal loans; per-capita denominator from state_population_annual.csv,estimate,
MN,2014,927,3135.99,15.012,2.956,RBI Table 159 personal loans; per-capita denominator from state_population_annual.csv,estimate,
MN,2015,1120,3747.45,20.82,2.9887,RBI Table 159 personal loans; per-capita denominator from state_population_annual.csv,estimate,
MN,2016,1504,4977.17,34.286,3.0218,RBI Table 159 personal loans; per-capita denominator from state_population_annual.csv,estimate,
MN,2017,1884,6166.33,25.266,3.0553,RBI Table 159 personal loans; per-capita denominator from state_population_annual.csv,estimate,
MN,2018,2669,8640.06,41.667,3.0891,RBI Table 159 personal loans; per-capita denominator from state_population_annual.csv,estimate,
MN,2019,3306,10584.96,23.867,3.1233,RBI Table 159 personal loans; per-capita denominator from state_population_annual.csv,estimate,
MN,2020,4292,13591.31,29.825,3.1579,RBI Table 159 personal loans; per-capita denominator from state_population_annual.csv,estimate,
MN,2021,5262,16480.83,22.6,3.1928,RBI Table 159 personal loans; per-capita denominator from state_population_annual.csv,estimate,
MN,2022,6369,19729.87,21.038,3.2281,RBI Table 159 personal loans; per-capita denominator from state_population_annual.csv,estimate,
MN,2023,8322,25497.1,30.664,3.2639,RBI Table 159 personal loans; per-capita denominator from state_population_annual.csv,estimate,
MN,2024,9102,27581.82,9.373,3.3,RBI Table 159 personal loans; per-capita denominator from state_population_annual.csv,estimate,
MN,2025,10117,30322.19,11.151,3.3365,RBI Table 159 personal loans; per-capita denominator from state_population_annual.csv,estimate,
MP,2012,20461,2779.36,,73.6176,RBI Table 159 personal loans; per-capita denominator from state_population_annual.csv,estimate,
MP,2013,21763,2915.36,6.363,74.6494,RBI Table 159 personal loans; per-capita denominator from state_population_annual.csv,estimate,
MP,2014,28836,3809.46,32.5,75.6957,RBI Table 159 personal loans; per-capita denominator from state_population_annual.csv,estimate,
MP,2015,34351,4475.32,19.125,76.7566,RBI Table 159 personal loans; per-capita denominator from state_population_annual.csv,estimate,
MP,2016,41496,5331.45,20.8,77.8325,RBI Table 159 personal loans; per-capita denominator from state_population_annual.csv,estimate,
MP,2017,48085,6092.62,15.879,78.9234,RBI Table 159 personal loans; per-capita denominator from state_population_annual.csv,estimate,
MP,2018,57461,7179.98,19.499,80.0295,RBI Table 159 personal loans; per-capita denominator from state_population_annual.csv,estimate,
MP,2019,65350,8052.87,13.729,81.1512,RBI Table 159 personal loans; per-capita denominator from state_population_annual.csv,estimate,
MP,2020,79731,9689.18,22.006,82.2887,RBI Table 159 personal loans; per-capita denominator from state_population_annual.csv,estimate,
MP,2021,90865,10889.6,13.964,83.442,RBI Table 159 personal loans; per-capita denominator from state_population_annual.csv,estimate,
MP,2022,104890,12396.66,15.435,84.6115,RBI Table 159 personal loans; per-capita denominator from state_population_annual.csv,estimate,
MP,2023,123841,14434.1,18.067,85.7975,RBI Table 159 personal loans; per-capita denominator from state_population_annual.csv,estimate,
MP,2024,156307,17966.32,26.216,87.0,RBI Table 159 personal loans; per-capita denominator from state_population_annual.csv,estimate,
MP,2025,178029,20180.26,13.897,88.2194,RBI Table 159 personal loans; per-capita denominator from state_population_annual.csv,estimate,
MZ,2012,886,7975.52,,1.1109,RBI Table 159 personal loans; per-capita denominator from state_population_annual.csv,estimate,
MZ,2013,906,8076.31,2.257,1.1218,RBI Table 159 personal loans; per-capita denominator from state_population_annual.csv,estimate,
MZ,2014,1079,9524.23,19.095,1.1329,RBI Table 159 personal loans; per-capita denominator from state_population_annual.csv,estimate,
MZ,2015,1199,10479.85,11.121,1.1441,RBI Table 159 personal loans; per-capita denominator from state_population_annual.csv,estimate,
MZ,2016,1528,13224.86,27.44,1.1554,RBI Table 159 personal loans; per-capita denominator from state_population_annual.csv,estimate,
MZ,2017,1682,14414.26,10.079,1.1669,RBI Table 159 personal loans; per-capita denominator from state_population_annual.csv,estimate,
MZ,2018,1872,15885.95,11.296,1.1784,RBI Table 159 personal loans; per-capita denominator from state_population_annual.csv,estimate,
MZ,2019,2106,17697.48,12.5,1.19,RBI Table 159 personal loans; per-capita denominator from state_population_annual.csv,estimate,
MZ,2020,2671,22225.0,26.828,1.2018,RBI Table 159 personal loans; per-capita denominator from state_population_annual.csv,estimate,
MZ,2021,3229,26604.6,20.891,1.2137,RBI Table 159 personal loans; per-capita denominator from state_population_annual.csv,estimate,
MZ,2022,3863,31516.68,19.635,1.2257,RBI Table 159 personal loans; per-capita denominator from state_population_annual.csv,estimate,
MZ,2023,4586,37049.6,18.716,1.2378,RBI Table 159 personal loans; per-capita denominator from state_population_annual.csv,estimate,
MZ,2024,5344,42752.0,16.529,1.25,RBI Table 159 personal loans; per-capita denominator from state_population_annual.csv,estimate,
MZ,2025,5980,47370.09,11.901,1.2624,RBI Table 159 personal loans; per-capita denominator from state_population_annual.csv,estimate,
NL,2012,948,4749.26,,1.9961,RBI Table 159 personal loans; per-capita denominator from state_population_annual.csv,estimate,
NL,2013,1063,5282.25,12.131,2.0124,RBI Table 159 personal loans; per-capita denominator from state_population_annual.csv,estimate,
NL,2014,1209,5959.48,13.735,2.0287,RBI Table 159 personal loans; per-capita denominator from state_population_annual.csv,estimate,
NL,2015,1404,6864.85,16.129,2.0452,RBI Table 159 personal loans; per-capita denominator from state_population_annual.csv,estimate,
NL,2016,1659,8045.98,18.162,2.0619,RBI Table 159 personal loans; per-capita denominator from state_population_annual.csv,estimate,
NL,2017,1917,9222.11,15.552,2.0787,RBI Table 159 personal loans; per-capita denominator from state_population_annual.csv,estimate,
NL,2018,2276,10860.85,18.727,2.0956,RBI Table 159 personal loans; per-capita denominator from state_population_annual.csv,estimate,
NL,2019,2757,13050.27,21.134,2.1126,RBI Table 159 personal loans; per-capita denominator from state_population_annual.csv,estimate,
NL,2020,3380,15870.03,22.597,2.1298,RBI Table 159 personal loans; per-capita denominator from state_population_annual.csv,estimate,
NL,2021,4235,19723.36,25.296,2.1472,RBI Table 159 personal loans; per-capita denominator from state_population_annual.csv,estimate,
NL,2022,4947,22854.11,16.812,2.1646,RBI Table 159 personal loans; per-capita denominator from state_population_annual.csv,estimate,
NL,2023,5961,27316.47,20.497,2.1822,RBI Table 159 personal loans; per-capita denominator from state_population_annual.csv,estimate,
NL,2024,6932,31509.09,16.289,2.2,RBI Table 159 personal loans; per-capita denominator from state_population_annual.csv,estimate,
NL,2025,7635,34424.46,10.141,2.2179,RBI Table 159 personal loans; per-capita denominator from state_population_annual.csv,estimate,
OD,2012,13768,3249.32,,42.3719,RBI Table 159 personal loans; per-capita denominator from state_population_annual.csv,estimate,
OD,2013,15253,3568.2,10.786,42.7471,RBI Table 159 personal loans; per-capita denominator from state_population_annual.csv,estimate,
OD,2014,16748,3883.54,9.801,43.1256,RBI Table 159 personal loans; per-capita denominator from state_population_annual.csv,estimate,
OD,2015,18736,4306.38,11.87,43.5075,RBI Table 159 personal loans; per-capita denominator from state_population_annual.csv,estimate,
OD,2016,21359,4866.19,14.0,43.8927,RBI Table 159 personal loans; per-capita denominator from state_population_annual.csv,estimate,
OD,2017,24626,5561.26,15.296,44.2813,RBI Table 159 personal loans; per-capita denominator from state_population_annual.csv,estimate,
OD,2018,29581,6621.61,20.121,44.6734,RBI Table 159 personal loans; per-capita denominator from state_population_annual.csv,estimate,
OD,2019,33897,7521.13,14.59,45.069,RBI Table 159 personal loans; per-capita denominator from state_population_annual.csv,estimate,
OD,2020,39791,8751.41,17.388,45.4681,RBI Table 159 personal loans; per-capita denominator from state_population_annual.csv,estimate,
OD,2021,47767,10413.4,20.045,45.8707,RBI Table 159 personal loans; per-capita denominator from state_population_annual.csv,estimate,
OD,2022,57644,12456.35,20.677,46.2768,RBI Table 159 personal loans; per-capita denominator from state_population_annual.csv,estimate,
OD,2023,70145,15024.65,21.687,46.6866,RBI Table 159 personal loans; per-capita denominator from state_population_annual.csv,estimate,
OD,2024,85791,18214.65,22.305,47.1,RBI Table 159 personal loans; per-capita denominator from state_population_annual.csv,estimate,
OD,2025,96451,20298.17,12.426,47.5171,RBI Table 159 personal loans; per-capita denominator from state_population_annual.csv,estimate,
PB,2012,18631,6668.0,,27.9409,RBI Table 159 personal loans; per-capita denominator from state_population_annual.csv,estimate,
PB,2013,20502,7274.39,10.042,28.1838,RBI Table 159 personal loans; per-capita denominator from state_population_annual.csv,estimate,
PB,2014,26670,9381.3,30.085,28.4289,RBI Table 159 personal loans; per-capita denominator from state_population_annual.csv,estimate,
PB,2015,28494,9936.5,6.839,28.6761,RBI Table 159 personal loans; per-capita denominator from state_population_annual.csv,estimate,
PB,2016,31207,10788.75,9.521,28.9255,RBI Table 159 personal loans; per-capita denominator from state_population_annual.csv,estimate,
PB,2017,35641,12215.44,14.208,29.177,RBI Table 159 personal loans; per-capita denominator from state_population_annual.csv,estimate,
PB,2018,42867,14565.4,20.274,29.4307,RBI Table 159 personal loans; per-capita denominator from state_population_annual.csv,estimate,
PB,2019,48503,16338.35,13.148,29.6866,RBI Table 159 personal loans; per-capita denominator from state_population_annual.csv,estimate,
PB,2020,56495,18866.38,16.477,29.9448,RBI Table 159 personal loans; per-capita denominator from state_population_annual.csv,estimate,
PB,2021,64554,21371.82,14.265,30.2052,RBI Table 159 personal loans; per-capita denominator from state_population_annual.csv,estimate,
PB,2022,76984,25267.33,19.255,30.4678,RBI Table 159 personal loans; per-capita denominator from state_population_annual.csv,estimate,
PB,2023,89642,29168.19,16.442,30.7328,RBI Table 159 personal loans; per-capita denominator from state_population_annual.csv,estimate,
PB,2024,119903,38678.39,33.758,31.0,RBI Table 159 personal loans; per-capita denominator from state_population_annual.csv,estimate,
PB,2025,131727,42126.22,9.861,31.2696,RBI Table 159 personal loans; per-capita denominator from state_population_annual.csv,estimate,
PY,2012,1911,14964.76,,1.277,RBI Table 159 personal loans; per-capita denominator from state_population_annual.csv,estimate,
PY,2013,2515,19279.42,31.606,1.3045,RBI Table 159 personal loans; per-capita denominator from state_population_annual.csv,estimate,
PY,2014,2804,21039.99,11.491,1.3327,RBI Table 159 personal loans; per-capita denominator from state_population_annual.csv,estimate,
PY,2015,2969,21806.83,5.884,1.3615,RBI Table 159 personal loans; per-capita denominator from state_population_annual.csv,estimate,
PY,2016,3317,23847.87,11.721,1.3909,RBI Table 159 personal loans; per-capita denominator from state_population_annual.csv,estimate,
PY,2017,3732,26265.04,12.511,1.4209,RBI Table 159 personal loans; per-capita denominator from state_population_annual.csv,estimate,
PY,2018,4306,29663.82,15.38,1.4516,RBI Table 159 personal loans; per-capita denominator from state_population_annual.csv,estimate,
PY,2019,4595,30986.58,6.712,1.4829,RBI Table 159 personal loans; per-capita denominator from state_population_annual.csv,estimate,
PY,2020,5233,34543.53,13.885,1.5149,RBI Table 159 personal loans; per-capita denominator from state_population_annual.csv,estimate,
PY,2021,5906,38162.32,12.861,1.5476,RBI Table 159 personal loans; per-capita denominator from state_population_annual.csv,estimate,
PY,2022,6570,41555.98,11.243,1.581,RBI Table 159 personal loans; per-capita denominator from state_population_annual.csv,estimate,
PY,2023,7511,46504.86,14.323,1.6151,RBI Table 159 personal loans; per-capita denominator from state_population_annual.csv,estimate,
PY,2024,9138,55381.82,21.662,1.65,RBI Table 159 personal loans; per-capita denominator from state_population_annual.csv,estimate,
PY,2025,10330,61283.82,13.044,1.6856,RBI Table 159 personal loans; per-capita denominator from state_population_annual.csv,estimate,
RJ,2012,22733,3273.08,,69.4544,RBI Table 159 personal loans; per-capita denominator from state_population_annual.csv,estimate,
RJ,2013,27412,3892.52,20.582,70.4222,RBI Table 159 personal loans; per-capita denominator from state_population_annual.csv,estimate,
RJ,2014,31783,4451.19,15.946,71.4034,RBI Table 159 personal loans; per-capita denominator from state_population_annual.csv,estimate,
RJ,2015,37986,5246.81,19.517,72.3983,RBI Table 159 personal loans; per-capita denominator from state_population_annual.csv,estimate,
RJ,2016,47560,6478.94,25.204,73.4071,RBI Table 159 personal loans; per-capita denominator from state_population_annual.csv,estimate,
RJ,2017,56874,7641.28,19.584,74.4299,RBI Table 159 personal loans; per-capita denominator from state_population_annual.csv,estimate,
RJ,2018,70516,9343.95,23.986,75.467,RBI Table 159 personal loans; per-capita denominator from state_population_annual.csv,estimate,
RJ,2019,84627,11059.68,20.011,76.5185,RBI Table 159 personal loans; per-capita denominator from state_population_annual.csv,estimate,
RJ,2020,100363,12935.93,18.595,77.5847,RBI Table 159 personal loans; per-capita denominator from state_population_annual.csv,estimate,
RJ,2021,114845,14599.12,14.43,78.6657,RBI Table 159 personal loans; per-capita denominator from state_population_annual.csv,estimate,
RJ,2022,138089,17312.67,20.239,79.7618,RBI Table 159 personal loans; per-capita denominator from state_population_annual.csv,estimate,
RJ,2023,161820,20009.1,17.185,80.8732,RBI Table 159 personal loans; per-capita denominator from state_population_annual.csv,estimate,
RJ,2024,210937,25724.02,30.353,82.0,RBI Table 159 personal loans; per-capita denominator from state_population_annual.csv,estimate,
RJ,2025,238265,28657.43,12.956,83.1425,RBI Table 159 personal loans; per-capita denominator from state_population_annual.csv,estimate,
SK,2012,739,11987.02,,0.6165,RBI Table 159 personal loans; per-capita denominator from state_population_annual.csv,estimate,
SK,2013,798,12806.93,7.984,0.6231,RBI Table 159 personal loans; per-capita denominator from state_population_annual.csv,estimate,
SK,2014,781,12402.73,-2.13,0.6297,RBI Table 159 personal loans; per-capita denominator from state_population_annual.csv,estimate,
SK,2015,845,13277.81,8.195,0.6364,RBI Table 159 personal loans; per-capita denominator from state_population_annual.csv,estimate,
SK,2016,1010,15702.74,19.527,0.6432,RBI Table 159 personal loans; per-capita denominator from state_population_annual.csv,estimate,
SK,2017,1099,16907.69,8.812,0.65,RBI Table 159 personal loans; per-capita denominator from state_population_annual.csv,estimate,
SK,2018,1394,21220.89,26.843,0.6569,RBI Table 159 personal loans; per-capita denominator from state_population_annual.csv,estimate,
SK,2019,1541,23211.33,10.545,0.6639,RBI Table 159 personal loans; per-capita denominator from state_population_annual.csv,estimate,
SK,2020,1844,27481.37,19.663,0.671,RBI Table 159 personal loans; per-capita denominator from state_population_annual.csv,estimate,
SK,2021,2232,32915.5,21.041,0.6781,RBI Table 159 personal loans; per-capita denominator from state_population_annual.csv,estimate,
SK,2022,2744,40040.86,22.939,0.6853,RBI Table 159 personal loans; per-capita denominator from state_population_annual.csv,estimate,
SK,2023,3349,48354.03,22.048,0.6926,RBI Table 159 personal loans; per-capita denominator from state_population_annual.csv,estimate,
SK,2024,3890,55571.43,16.154,0.7,RBI Table 159 personal loans; per-capita denominator from state_population_annual.csv,estimate,
SK,2025,4334,61266.61,11.414,0.7074,RBI Table 159 personal loans; per-capita denominator from state_population_annual.csv,estimate,
TN,2012,89219,12311.91,,72.4656,RBI Table 159 personal loans; per-capita denominator from state_population_annual.csv,estimate,
TN,2013,111073,15250.37,24.495,72.833,RBI Table 159 personal loans; per-capita denominator from state_population_annual.csv,estimate,
TN,2014,112207,15328.34,1.021,73.2023,RBI Table 159 personal loans; per-capita denominator from state_population_annual.csv,estimate,
TN,2015,128012,17399.2,14.086,73.5735,RBI Table 159 personal loans; per-capita denominator from state_population_annual.csv,estimate,
TN,2016,137680,18618.84,7.552,73.9466,RBI Table 159 personal loans; per-capita denominator from state_population_annual.csv,estimate,
TN,2017,156175,21013.43,13.433,74.3215,RBI Table 159 personal loans; per-capita denominator from state_population_annual.csv,estimate,
TN,2018,184515,24701.33,18.146,74.6984,RBI Table 159 personal loans; per-capita denominator from state_population_annual.csv,estimate,
TN,2019,203821,27148.19,10.463,75.0772,RBI Table 159 personal loans; per-capita denominator from state_population_annual.csv,estimate,
TN,2020,234074,31020.48,14.843,75.4579,RBI Table 159 personal loans; per-capita denominator from state_population_annual.csv,estimate,
TN,2021,260647,34367.79,11.352,75.8405,RBI Table 159 personal loans; per-capita denominator from state_population_annual.csv,estimate,
TN,2022,287532,37721.48,10.315,76.225,RBI Table 159 personal loans; per-capita denominator from state_population_annual.csv,estimate,
TN,2023,341183,44534.18,18.659,76.6115,RBI Table 159 personal loans; per-capita denominator from state_population_annual.csv,estimate,
TN,2024,425254,55227.79,24.641,77.0,RBI Table 159 personal loans; per-capita denominator from state_population_annual.csv,estimate,
TN,2025,503837,65103.29,18.479,77.3904,RBI Table 159 personal loans; per-capita denominator from state_population_annual.csv,estimate,
TR,2012,1424,3847.19,,3.7014,RBI Table 159 personal loans; per-capita denominator from state_population_annual.csv,estimate,
TR,2013,1780,4768.16,25.0,3.7331,RBI Table 159 personal loans; per-capita denominator from state_population_annual.csv,estimate,
TR,2014,1809,4804.78,1.629,3.765,RBI Table 159 personal loans; per-capita denominator from state_population_annual.csv,estimate,
TR,2015,2170,5714.59,19.956,3.7973,RBI Table 159 personal loans; per-capita denominator from state_population_annual.csv,estimate,
TR,2016,2356,6151.76,8.571,3.8298,RBI Table 159 personal loans; per-capita denominator from state_population_annual.csv,estimate,
TR,2017,2345,6071.04,-0.467,3.8626,RBI Table 159 personal loans; per-capita denominator from state_population_annual.csv,estimate,
TR,2018,2927,7513.61,24.819,3.8956,RBI Table 159 personal loans; per-capita denominator from state_population_annual.csv,estimate,
TR,2019,3617,9205.9,23.574,3.929,RBI Table 159 personal loans; per-capita denominator from state_population_annual.csv,estimate,
TR,2020,4248,10720.23,17.445,3.9626,RBI Table 159 personal loans; per-capita denominator from state_population_annual.csv,estimate,
TR,2021,4873,12193.17,14.713,3.9965,RBI Table 159 personal loans; per-capita denominator from state_population_annual.csv,estimate,
TR,2022,5581,13846.23,14.529,4.0307,RBI Table 159 personal loans; per-capita denominator from state_population_annual.csv,estimate,
TR,2023,6189,15224.34,10.894,4.0652,RBI Table 159 personal loans; per-capita denominator from state_population_annual.csv,estimate,
TR,2024,8364,20400.0,35.143,4.1,RBI Table 159 personal loans; per-capita denominator from state_population_annual.csv,estimate,
TR,2025,8216,19868.93,-1.769,4.1351,RBI Table 159 personal loans; per-capita denominator from state_population_annual.csv,estimate,
TS,2015,68671,19023.97,,36.0971,RBI Table 159 personal loans; per-capita denominator from state_population_annual.csv,estimate,
TS,2016,79522,21891.87,15.801,36.3249,RBI Table 159 personal loans; per-capita denominator from state_population_annual.csv,estimate,
TS,2017,90206,24677.33,13.435,36.5542,RBI Table 159 personal loans; per-capita denominator from state_population_annual.csv,estimate,
TS,2018,112250,30515.24,24.437,36.7849,RBI Table 159 personal loans; per-capita denominator from state_population_annual.csv,estimate,
TS,2019,137137,37047.03,22.171,37.017,RBI Table 159 personal loans; per-capita denominator from state_population_annual.csv,estimate,
TS,2020,170189,45687.46,24.101,37.2507,RBI Table 159 personal loans; per-capita denominator from state_population_annual.csv,estimate,
TS,2021,201322,53706.2,18.293,37.4858,RBI Table 159 personal loans; per-capita denominator from state_population_annual.csv,estimate,
TS,2022,242151,64193.06,20.28,37.7223,RBI Table 159 personal loans; per-capita denominator from state_population_annual.csv,estimate,
TS,2023,293026,77192.55,21.01,37.9604,RBI Table 159 personal loans; per-capita denominator from state_population_annual.csv,estimate,
TS,2024,388100,101596.86,32.446,38.2,RBI Table 159 personal loans; per-capita denominator from state_population_annual.csv,estimate,
TS,2025,437202,113732.96,12.652,38.4411,RBI Table 159 personal loans; per-capita denominator from state_population_annual.csv,estimate,
UK,2012,6053,5925.66,,10.2149,RBI Table 159 personal loans; per-capita denominator from state_population_annual.csv,estimate,
UK,2013,7187,6956.66,18.735,10.3311,RBI Table 159 personal loans; per-capita denominator from state_population_annual.csv,estimate,
UK,2014,8611,8241.3,19.814,10.4486,RBI Table 159 personal loans; per-capita denominator from state_population_annual.csv,estimate,
UK,2015,9680,9160.16,12.414,10.5675,RBI Table 159 personal loans; per-capita denominator from state_population_annual.csv,estimate,
UK,2016,11675,10923.77,20.61,10.6877,RBI Table 159 personal loans; per-capita denominator from state_population_annual.csv,estimate,
UK,2017,13473,12464.27,15.4,10.8093,RBI Table 159 personal loans; per-capita denominator from state_population_annual.csv,estimate,
UK,2018,16726,15299.62,24.145,10.9323,RBI Table 159 personal loans; per-capita denominator from state_population_annual.csv,estimate,
UK,2019,19563,17693.5,16.962,11.0566,RBI Table 159 personal loans; per-capita denominator from state_population_annual.csv,estimate,
UK,2020,22591,20202.28,15.478,11.1824,RBI Table 159 personal loans; per-capita denominator from state_population_annual.csv,estimate,
UK,2021,25461,22512.73,12.704,11.3096,RBI Table 159 personal loans; per-capita denominator from state_population_annual.csv,estimate,
UK,2022,29588,25867.48,16.209,11.4383,RBI Table 159 personal loans; per-capita denominator from state_population_annual.csv,estimate,
UK,2023,35029,30279.9,18.389,11.5684,RBI Table 159 personal loans; per-capita denominator from state_population_annual.csv,estimate,
UK,2024,45772,39121.37,30.669,11.7,RBI Table 159 personal loans; per-capita denominator from state_population_annual.csv,estimate,
UK,2025,50234,42452.1,9.748,11.8331,RBI Table 159 personal loans; per-capita denominator from state_population_annual.csv,estimate,
UP,2012,37347,1845.61,,202.3559,RBI Table 159 personal loans; per-capita denominator from state_population_annual.csv,estimate,
UP,2013,46286,2258.47,23.935,204.9444,RBI Table 159 personal loans; per-capita denominator from state_population_annual.csv,estimate,
UP,2014,54867,2643.35,18.539,207.5661,RBI Table 159 personal loans; per-capita denominator from state_population_annual.csv,estimate,
UP,2015,64901,3087.27,18.288,210.2213,RBI Table 159 personal loans; per-capita denominator from state_population_annual.csv,estimate,
UP,2016,78345,3679.72,20.715,212.9105,RBI Table 159 personal loans; per-capita denominator from state_population_annual.csv,estimate,
UP,2017,90551,4199.29,15.58,215.6341,RBI Table 159 personal loans; per-capita denominator from state_population_annual.csv,estimate,
UP,2018,112955,5172.11,24.742,218.3925,RBI Table 159 personal loans; per-capita denominator from state_population_annual.csv,estimate,
UP,2019,130377,5894.45,15.424,221.1862,RBI Table 159 personal loans; per-capita denominator from state_population_annual.csv,estimate,
UP,2020,152681,6815.64,17.107,224.0156,RBI Table 159 personal loans; per-capita denominator from state_population_annual.csv,estimate,
UP,2021,176301,7770.63,15.47,226.8813,RBI Table 159 personal loans; per-capita denominator from state_population_annual.csv,estimate,
UP,2022,206282,8977.23,17.006,229.7836,RBI Table 159 personal loans; per-capita denominator from state_population_annual.csv,estimate,
UP,2023,252493,10849.51,22.402,232.723,RBI Table 159 personal loans; per-capita denominator from state_population_annual.csv,estimate,
UP,2024,336854,14291.64,33.411,235.7,RBI Table 159 personal loans; per-capita denominator from state_population_annual.csv,estimate,
UP,2025,387222,16221.09,14.952,238.7151,RBI Table 159 personal loans; per-capita denominator from state_population_annual.csv,estimate,
WB,2012,26162,2847.48,,91.8776,RBI Table 159 personal loans; per-capita denominator from state_population_annual.csv,estimate,
WB,2013,31313,3386.7,19.689,92.4588,RBI Table 159 personal loans; per-capita denominator from state_population_annual.csv,estimate,
WB,2014,36485,3921.28,16.517,93.0437,RBI Table 159 personal loans; per-capita denominator from state_population_annual.csv,estimate,
WB,2015,38625,4125.18,5.865,93.6323,RBI Table 159 personal loans; per-capita denominator from state_population_annual.csv,estimate,
WB,2016,46218,4905.09,19.658,94.2246,RBI Table 159 personal loans; per-capita denominator from state_population_annual.csv,estimate,
WB,2017,54355,5732.4,17.606,94.8206,RBI Table 159 personal loans; per-capita denominator from state_population_annual.csv,estimate,
WB,2018,65965,6913.08,21.36,95.4205,RBI Table 159 personal loans; per-capita denominator from state_population_annual.csv,estimate,
WB,2019,77492,8070.06,17.474,96.0241,RBI Table 159 personal loans; per-capita denominator from state_population_annual.csv,estimate,
WB,2020,92689,9592.01,19.611,96.6315,RBI Table 159 personal loans; per-capita denominator from state_population_annual.csv,estimate,
WB,2021,107044,11007.91,15.487,97.2428,RBI Table 159 personal loans; per-capita denominator from state_population_annual.csv,estimate,
WB,2022,125035,12777.19,16.807,97.858,RBI Table 159 personal loans; per-capita denominator from state_population_annual.csv,estimate,
WB,2023,151478,15382.07,21.148,98.477,RBI Table 159 personal loans; per-capita denominator from state_population_annual.csv,estimate,
WB,2024,186904,18860.14,23.387,99.1,RBI Table 159 personal loans; per-capita denominator from state_population_annual.csv,estimate,
WB,2025,208763,20933.47,11.695,99.7269,RBI Table 159 personal loans; per-capita denominator from state_population_annual.csv,estimate,
